Metric,Value
Accuracy,0.9852941176470589

Class,Precision,Recall,F1-Score,Support
0,1.0,0.9523809523809523,0.975609756097561,21.0
1,0.9791666666666666,1.0,0.9894736842105263,47.0

macro avg,0.9895833333333333,0.9761904761904762,0.9825417201540436,68.0
weighted avg,0.9856004901960783,0.9852941176470589,0.9851921769991695,68.0
