Metric,Value
Accuracy,0.9037199124726477

Class,Precision,Recall,F1-Score,Support
0,0.9407894736842105,0.9166666666666666,0.9285714285714286,312.0
1,0.8300653594771242,0.8758620689655172,0.8523489932885906,145.0

macro avg,0.8854274165806674,0.896264367816092,0.8904602109300096,457.0
weighted avg,0.9056581901830563,0.9037199124726477,0.9043870672672459,457.0
